ExternalId,ContractNumber,Status,StartDate,Account_ExternalId__c
CONT000001,CTR-10000,Draft,,
CONT000002,CTR-10001,In Approval Process,2026-05-21,ACC000002
CONT000003,CTR-10002,Activated,2026-05-20,ACC000003
CONT000004,CTR-10003,Expired,2026-05-19,ACC000004
CONT000005,CTR-10004,Terminated,,ACC000005
CONT000006,CTR-10005,Draft,2026-05-17,ACC000006
CONT000007,CTR-10006,In Approval Process,2026-05-16,
CONT000008,CTR-10007,Activated,2026-05-15,ACC000008
CONT000009,CTR-10008,Expired,,ACC000009
CONT000010,CTR-10009,Terminated,2026-05-13,ACC000010
CONT000011,CTR-10010,Draft,2026-05-12,ACC000011
CONT000012,CTR-10011,In Approval Process,2026-05-11,ACC000012
CONT000013,CTR-10012,Activated,,
CONT000014,CTR-10013,Expired,2026-05-09,ACC000014
CONT000015,CTR-10014,Terminated,2026-05-08,ACC000015
CONT000016,CTR-10015,Draft,2026-05-07,ACC000016
CONT000017,CTR-10016,In Approval Process,,ACC000017
CONT000018,CTR-10017,Activated,2026-05-05,ACC000018
CONT000019,CTR-10018,Expired,2026-05-04,
CONT000020,CTR-10019,Terminated,2026-05-03,ACC000020
CONT000021,CTR-10020,Draft,,ACC000021
CONT000022,CTR-10021,In Approval Process,2026-05-01,ACC000022
CONT000023,CTR-10022,Activated,2026-04-30,ACC000023
CONT000024,CTR-10023,Expired,2026-04-29,ACC000024
CONT000025,CTR-10024,Terminated,,
CONT000026,CTR-10025,Draft,2026-04-27,ACC000026
CONT000027,CTR-10026,In Approval Process,2026-04-26,ACC000027
CONT000028,CTR-10027,Activated,2026-04-25,ACC000028
CONT000029,CTR-10028,Expired,,ACC000029
CONT000030,CTR-10029,Terminated,2026-04-23,ACC000030
CONT000031,CTR-10030,Draft,2026-04-22,
CONT000032,CTR-10031,In Approval Process,2026-04-21,ACC000032
CONT000033,CTR-10032,Activated,,ACC000033
CONT000034,CTR-10033,Expired,2026-04-19,ACC000034
CONT000035,CTR-10034,Terminated,2026-04-18,ACC000035
CONT000036,CTR-10035,Draft,2026-04-17,ACC000036
CONT000037,CTR-10036,In Approval Process,,
CONT000038,CTR-10037,Activated,2026-04-15,ACC000038
CONT000039,CTR-10038,Expired,2026-04-14,ACC000039
CONT000040,CTR-10039,Terminated,2026-04-13,ACC000040
CONT000041,CTR-10040,Draft,,ACC000041
CONT000042,CTR-10041,In Approval Process,2026-04-11,ACC000042
CONT000043,CTR-10042,Activated,2026-04-10,
CONT000044,CTR-10043,Expired,2026-04-09,ACC000044
CONT000045,CTR-10044,Terminated,,ACC000045
CONT000046,CTR-10045,Draft,2026-04-07,ACC000046
CONT000047,CTR-10046,In Approval Process,2026-04-06,ACC000047
CONT000048,CTR-10047,Activated,2026-04-05,ACC000048
CONT000049,CTR-10048,Expired,,
CONT000050,CTR-10049,Terminated,2026-04-03,ACC000050
CONT000051,CTR-10050,Draft,2026-04-02,ACC000051
CONT000052,CTR-10051,In Approval Process,2026-04-01,ACC000052
CONT000053,CTR-10052,Activated,,ACC000053
CONT000054,CTR-10053,Expired,2026-03-30,ACC000054
CONT000055,CTR-10054,Terminated,2026-03-29,
CONT000056,CTR-10055,Draft,2026-03-28,ACC000056
CONT000057,CTR-10056,In Approval Process,,ACC000057
CONT000058,CTR-10057,Activated,2026-03-26,ACC000058
CONT000059,CTR-10058,Expired,2026-03-25,ACC000059
CONT000060,CTR-10059,Terminated,2026-03-24,ACC000060
CONT000061,CTR-10060,Draft,,
CONT000062,CTR-10061,In Approval Process,2026-03-22,ACC000062
CONT000063,CTR-10062,Activated,2026-03-21,ACC000063
CONT000064,CTR-10063,Expired,2026-03-20,ACC000064
CONT000065,CTR-10064,Terminated,,ACC000065
CONT000066,CTR-10065,Draft,2026-03-18,ACC000066
CONT000067,CTR-10066,In Approval Process,2026-03-17,
CONT000068,CTR-10067,Activated,2026-03-16,ACC000068
CONT000069,CTR-10068,Expired,,ACC000069
CONT000070,CTR-10069,Terminated,2026-03-14,ACC000070
CONT000071,CTR-10070,Draft,2026-03-13,ACC000071
CONT000072,CTR-10071,In Approval Process,2026-03-12,ACC000072
CONT000073,CTR-10072,Activated,,
CONT000074,CTR-10073,Expired,2026-03-10,ACC000074
CONT000075,CTR-10074,Terminated,2026-03-09,ACC000075
CONT000076,CTR-10075,Draft,2026-03-08,ACC000076
CONT000077,CTR-10076,In Approval Process,,ACC000077
CONT000078,CTR-10077,Activated,2026-03-06,ACC000078
CONT000079,CTR-10078,Expired,2026-03-05,
CONT000080,CTR-10079,Terminated,2026-03-04,ACC000080
CONT000081,CTR-10080,Draft,,ACC000081
CONT000082,CTR-10081,In Approval Process,2026-03-02,ACC000082
CONT000083,CTR-10082,Activated,2026-03-01,ACC000083
CONT000084,CTR-10083,Expired,2026-02-28,ACC000084
CONT000085,CTR-10084,Terminated,,
CONT000086,CTR-10085,Draft,2026-02-26,ACC000086
CONT000087,CTR-10086,In Approval Process,2026-02-25,ACC000087
CONT000088,CTR-10087,Activated,2026-02-24,ACC000088
CONT000089,CTR-10088,Expired,,ACC000089
CONT000090,CTR-10089,Terminated,2026-02-22,ACC000090
CONT000091,CTR-10090,Draft,2026-02-21,
CONT000092,CTR-10091,In Approval Process,2026-02-20,ACC000092
CONT000093,CTR-10092,Activated,,ACC000093
CONT000094,CTR-10093,Expired,2026-02-18,ACC000094
CONT000095,CTR-10094,Terminated,2026-02-17,ACC000095
CONT000096,CTR-10095,Draft,2026-02-16,ACC000096
CONT000097,CTR-10096,In Approval Process,,
CONT000098,CTR-10097,Activated,2026-02-14,ACC000098
CONT000099,CTR-10098,Expired,2026-02-13,ACC000099
CONT000100,CTR-10099,Terminated,2026-02-12,ACC000100
CONT000101,CTR-10100,Draft,,ACC000101
CONT000102,CTR-10101,In Approval Process,2026-02-10,ACC000102
CONT000103,CTR-10102,Activated,2026-02-09,
CONT000104,CTR-10103,Expired,2026-02-08,ACC000104
CONT000105,CTR-10104,Terminated,,ACC000105
CONT000106,CTR-10105,Draft,2026-02-06,ACC000106
CONT000107,CTR-10106,In Approval Process,2026-02-05,ACC000107
CONT000108,CTR-10107,Activated,2026-02-04,ACC000108
CONT000109,CTR-10108,Expired,,
CONT000110,CTR-10109,Terminated,2026-02-02,ACC000110
CONT000111,CTR-10110,Draft,2026-02-01,ACC000111
CONT000112,CTR-10111,In Approval Process,2026-01-31,ACC000112
CONT000113,CTR-10112,Activated,,ACC000113
CONT000114,CTR-10113,Expired,2026-01-29,ACC000114
CONT000115,CTR-10114,Terminated,2026-01-28,
CONT000116,CTR-10115,Draft,2026-01-27,ACC000116
CONT000117,CTR-10116,In Approval Process,,ACC000117
CONT000118,CTR-10117,Activated,2026-01-25,ACC000118
CONT000119,CTR-10118,Expired,2026-01-24,ACC000119
CONT000120,CTR-10119,Terminated,2026-01-23,ACC000120
CONT000121,CTR-10120,Draft,,
CONT000122,CTR-10121,In Approval Process,2026-01-21,ACC000122
CONT000123,CTR-10122,Activated,2026-01-20,ACC000123
CONT000124,CTR-10123,Expired,2026-01-19,ACC000124
CONT000125,CTR-10124,Terminated,,ACC000125
CONT000126,CTR-10125,Draft,2026-01-17,ACC000126
CONT000127,CTR-10126,In Approval Process,2026-01-16,
CONT000128,CTR-10127,Activated,2026-01-15,ACC000128
CONT000129,CTR-10128,Expired,,ACC000129
CONT000130,CTR-10129,Terminated,2026-01-13,ACC000130
CONT000131,CTR-10130,Draft,2026-01-12,ACC000131
CONT000132,CTR-10131,In Approval Process,2026-01-11,ACC000132
CONT000133,CTR-10132,Activated,,
CONT000134,CTR-10133,Expired,2026-01-09,ACC000134
CONT000135,CTR-10134,Terminated,2026-01-08,ACC000135
CONT000136,CTR-10135,Draft,2026-01-07,ACC000136
CONT000137,CTR-10136,In Approval Process,,ACC000137
CONT000138,CTR-10137,Activated,2026-01-05,ACC000138
CONT000139,CTR-10138,Expired,2026-01-04,
CONT000140,CTR-10139,Terminated,2026-01-03,ACC000140
CONT000141,CTR-10140,Draft,,ACC000141
CONT000142,CTR-10141,In Approval Process,2026-01-01,ACC000142
CONT000143,CTR-10142,Activated,2025-12-31,ACC000143
CONT000144,CTR-10143,Expired,2025-12-30,ACC000144
CONT000145,CTR-10144,Terminated,,
CONT000146,CTR-10145,Draft,2025-12-28,ACC000146
CONT000147,CTR-10146,In Approval Process,2025-12-27,ACC000147
CONT000148,CTR-10147,Activated,2025-12-26,ACC000148
CONT000149,CTR-10148,Expired,,ACC000149
CONT000150,CTR-10149,Terminated,2025-12-24,ACC000150
CONT000151,CTR-10150,Draft,2025-12-23,
CONT000152,CTR-10151,In Approval Process,2025-12-22,ACC000152
CONT000153,CTR-10152,Activated,,ACC000153
CONT000154,CTR-10153,Expired,2025-12-20,ACC000154
CONT000155,CTR-10154,Terminated,2025-12-19,ACC000155
CONT000156,CTR-10155,Draft,2025-12-18,ACC000156
CONT000157,CTR-10156,In Approval Process,,
CONT000158,CTR-10157,Activated,2025-12-16,ACC000158
CONT000159,CTR-10158,Expired,2025-12-15,ACC000159
CONT000160,CTR-10159,Terminated,2025-12-14,ACC000160
CONT000161,CTR-10160,Draft,,ACC000161
CONT000162,CTR-10161,In Approval Process,2025-12-12,ACC000162
CONT000163,CTR-10162,Activated,2025-12-11,
CONT000164,CTR-10163,Expired,2025-12-10,ACC000164
CONT000165,CTR-10164,Terminated,,ACC000165
CONT000166,CTR-10165,Draft,2025-12-08,ACC000166
CONT000167,CTR-10166,In Approval Process,2025-12-07,ACC000167
CONT000168,CTR-10167,Activated,2025-12-06,ACC000168
CONT000169,CTR-10168,Expired,,
CONT000170,CTR-10169,Terminated,2025-12-04,ACC000170
CONT000171,CTR-10170,Draft,2025-12-03,ACC000171
CONT000172,CTR-10171,In Approval Process,2025-12-02,ACC000172
CONT000173,CTR-10172,Activated,,ACC000173
CONT000174,CTR-10173,Expired,2025-11-30,ACC000174
CONT000175,CTR-10174,Terminated,2025-11-29,
CONT000176,CTR-10175,Draft,2025-11-28,ACC000176
CONT000177,CTR-10176,In Approval Process,,ACC000177
CONT000178,CTR-10177,Activated,2025-11-26,ACC000178
CONT000179,CTR-10178,Expired,2025-11-25,ACC000179
CONT000180,CTR-10179,Terminated,2025-11-24,ACC000180
CONT000181,CTR-10180,Draft,,
CONT000182,CTR-10181,In Approval Process,2025-11-22,ACC000182
CONT000183,CTR-10182,Activated,2025-11-21,ACC000183
CONT000184,CTR-10183,Expired,2025-11-20,ACC000184
CONT000185,CTR-10184,Terminated,,ACC000185
CONT000186,CTR-10185,Draft,2025-11-18,ACC000186
CONT000187,CTR-10186,In Approval Process,2025-11-17,
CONT000188,CTR-10187,Activated,2025-11-16,ACC000188
CONT000189,CTR-10188,Expired,,ACC000189
CONT000190,CTR-10189,Terminated,2025-11-14,ACC000190
CONT000191,CTR-10190,Draft,2025-11-13,ACC000191
CONT000192,CTR-10191,In Approval Process,2025-11-12,ACC000192
CONT000193,CTR-10192,Activated,,
CONT000194,CTR-10193,Expired,2025-11-10,ACC000194
CONT000195,CTR-10194,Terminated,2025-11-09,ACC000195
CONT000196,CTR-10195,Draft,2025-11-08,ACC000196
CONT000197,CTR-10196,In Approval Process,,ACC000197
CONT000198,CTR-10197,Activated,2025-11-06,ACC000198
CONT000199,CTR-10198,Expired,2025-11-05,
CONT000200,CTR-10199,Terminated,2025-11-04,ACC000200
CONT000201,CTR-10200,Draft,,ACC000201
CONT000202,CTR-10201,In Approval Process,2025-11-02,ACC000202
CONT000203,CTR-10202,Activated,2025-11-01,ACC000203
CONT000204,CTR-10203,Expired,2025-10-31,ACC000204
CONT000205,CTR-10204,Terminated,,
CONT000206,CTR-10205,Draft,2025-10-29,ACC000206
CONT000207,CTR-10206,In Approval Process,2025-10-28,ACC000207
CONT000208,CTR-10207,Activated,2025-10-27,ACC000208
CONT000209,CTR-10208,Expired,,ACC000209
CONT000210,CTR-10209,Terminated,2025-10-25,ACC000210
CONT000211,CTR-10210,Draft,2025-10-24,
CONT000212,CTR-10211,In Approval Process,2025-10-23,ACC000212
CONT000213,CTR-10212,Activated,,ACC000213
CONT000214,CTR-10213,Expired,2025-10-21,ACC000214
CONT000215,CTR-10214,Terminated,2025-10-20,ACC000215
CONT000216,CTR-10215,Draft,2025-10-19,ACC000216
CONT000217,CTR-10216,In Approval Process,,
CONT000218,CTR-10217,Activated,2025-10-17,ACC000218
CONT000219,CTR-10218,Expired,2025-10-16,ACC000219
CONT000220,CTR-10219,Terminated,2025-10-15,ACC000220
CONT000221,CTR-10220,Draft,,ACC000221
CONT000222,CTR-10221,In Approval Process,2025-10-13,ACC000222
CONT000223,CTR-10222,Activated,2025-10-12,
CONT000224,CTR-10223,Expired,2025-10-11,ACC000224
CONT000225,CTR-10224,Terminated,,ACC000225
CONT000226,CTR-10225,Draft,2025-10-09,ACC000226
CONT000227,CTR-10226,In Approval Process,2025-10-08,ACC000227
CONT000228,CTR-10227,Activated,2025-10-07,ACC000228
CONT000229,CTR-10228,Expired,,
CONT000230,CTR-10229,Terminated,2025-10-05,ACC000230
CONT000231,CTR-10230,Draft,2025-10-04,ACC000231
CONT000232,CTR-10231,In Approval Process,2025-10-03,ACC000232
CONT000233,CTR-10232,Activated,,ACC000233
CONT000234,CTR-10233,Expired,2025-10-01,ACC000234
CONT000235,CTR-10234,Terminated,2025-09-30,
CONT000236,CTR-10235,Draft,2025-09-29,ACC000236
CONT000237,CTR-10236,In Approval Process,,ACC000237
CONT000238,CTR-10237,Activated,2025-09-27,ACC000238
CONT000239,CTR-10238,Expired,2025-09-26,ACC000239
CONT000240,CTR-10239,Terminated,2025-09-25,ACC000240
CONT000241,CTR-10240,Draft,,
CONT000242,CTR-10241,In Approval Process,2025-09-23,ACC000242
CONT000243,CTR-10242,Activated,2025-09-22,ACC000243
CONT000244,CTR-10243,Expired,2025-09-21,ACC000244
CONT000245,CTR-10244,Terminated,,ACC000245
CONT000246,CTR-10245,Draft,2025-09-19,ACC000246
CONT000247,CTR-10246,In Approval Process,2025-09-18,
CONT000248,CTR-10247,Activated,2025-09-17,ACC000248
CONT000249,CTR-10248,Expired,,ACC000249
CONT000250,CTR-10249,Terminated,2025-09-15,ACC000250
CONT000251,CTR-10250,Draft,2025-09-14,ACC000251
CONT000252,CTR-10251,In Approval Process,2025-09-13,ACC000252
CONT000253,CTR-10252,Activated,,
CONT000254,CTR-10253,Expired,2025-09-11,ACC000254
CONT000255,CTR-10254,Terminated,2025-09-10,ACC000255
CONT000256,CTR-10255,Draft,2025-09-09,ACC000256
CONT000257,CTR-10256,In Approval Process,,ACC000257
CONT000258,CTR-10257,Activated,2025-09-07,ACC000258
CONT000259,CTR-10258,Expired,2025-09-06,
CONT000260,CTR-10259,Terminated,2025-09-05,ACC000260
CONT000261,CTR-10260,Draft,,ACC000261
CONT000262,CTR-10261,In Approval Process,2025-09-03,ACC000262
CONT000263,CTR-10262,Activated,2025-09-02,ACC000263
CONT000264,CTR-10263,Expired,2025-09-01,ACC000264
CONT000265,CTR-10264,Terminated,,
CONT000266,CTR-10265,Draft,2025-08-30,ACC000266
CONT000267,CTR-10266,In Approval Process,2025-08-29,ACC000267
CONT000268,CTR-10267,Activated,2025-08-28,ACC000268
CONT000269,CTR-10268,Expired,,ACC000269
CONT000270,CTR-10269,Terminated,2025-08-26,ACC000270
CONT000271,CTR-10270,Draft,2025-08-25,
CONT000272,CTR-10271,In Approval Process,2025-08-24,ACC000272
CONT000273,CTR-10272,Activated,,ACC000273
CONT000274,CTR-10273,Expired,2025-08-22,ACC000274
CONT000275,CTR-10274,Terminated,2025-08-21,ACC000275
CONT000276,CTR-10275,Draft,2025-08-20,ACC000276
CONT000277,CTR-10276,In Approval Process,,
CONT000278,CTR-10277,Activated,2025-08-18,ACC000278
CONT000279,CTR-10278,Expired,2025-08-17,ACC000279
CONT000280,CTR-10279,Terminated,2025-08-16,ACC000280
CONT000281,CTR-10280,Draft,,ACC000281
CONT000282,CTR-10281,In Approval Process,2025-08-14,ACC000282
CONT000283,CTR-10282,Activated,2025-08-13,
CONT000284,CTR-10283,Expired,2025-08-12,ACC000284
CONT000285,CTR-10284,Terminated,,ACC000285
CONT000286,CTR-10285,Draft,2025-08-10,ACC000286
CONT000287,CTR-10286,In Approval Process,2025-08-09,ACC000287
CONT000288,CTR-10287,Activated,2025-08-08,ACC000288
CONT000289,CTR-10288,Expired,,
CONT000290,CTR-10289,Terminated,2025-08-06,ACC000290
CONT000291,CTR-10290,Draft,2025-08-05,ACC000291
CONT000292,CTR-10291,In Approval Process,2025-08-04,ACC000292
CONT000293,CTR-10292,Activated,,ACC000293
CONT000294,CTR-10293,Expired,2025-08-02,ACC000294
CONT000295,CTR-10294,Terminated,2025-08-01,
CONT000296,CTR-10295,Draft,2025-07-31,ACC000296
CONT000297,CTR-10296,In Approval Process,,ACC000297
CONT000298,CTR-10297,Activated,2025-07-29,ACC000298
CONT000299,CTR-10298,Expired,2025-07-28,ACC000299
CONT000300,CTR-10299,Terminated,2025-07-27,ACC000300